,Track ID,Frame,Center X,Center Y,Mask Area,Kalman Filter Prediction X,Kalman Filter Prediction Y,Polynomial Regression X,Polynomial Regression Y,Error_Kalman_X,Error_Kalman_Y,Error_Regression_X,Error_Regression_Y
0,68,4,1498,105,11104,1498.0,105.0,1498.0,105.0,0.0,0.0,0.0,0.0
1,68,5,1485,103,11174,1498.0,105.0,1485.0,103.0,13.0,2.0,0.0,0.0
2,68,6,1483,102,11444,1491.0,104.0,1459.0,99.0,8.0,2.0,-24.0,-3.0
3,68,7,1479,108,12199,1483.0,102.0,1492.0,102.0,4.0,-6.0,13.0,-6.0
4,68,8,1476,127,10725,1475.0,108.0,1482.75,116.50000000000001,-1.0,-19.0,6.75,-10.499999999999986
5,68,9,1484,123,11266,1472.0,133.0,1478.2,148.19999999999993,-12.0,10.0,-5.7999999999999545,25.199999999999932
6,68,10,1478,129,12121,1482.0,130.0,1490.9,139.8,4.0,1.0,12.900000000000091,10.800000000000011
7,68,11,1479,141,12813,1477.0,133.0,1485.8571428571427,140.71428571428572,-2.0,-8.0,6.857142857142662,-0.2857142857142776
8,68,12,1491,143,12983,1478.0,147.0,1485.0,151.39285714285717,-13.0,4.0,-6.0,8.392857142857167
